image_urls,images
http://digitalnasrbija.org/wp-content/uploads/2016/03/logo3.png,"[{'url': 'http://digitalnasrbija.org/wp-content/uploads/2016/03/logo3.png', 'path': 'full/5489782787cd441797b8e6195807f532d81dc475.jpg', 'checksum': '81399ed0aa890c2a1b5645bfe9ebb248'}]"
http://digitalnasrbija.org/wp-content/uploads/2017/05/wordpress-lozinka.jpg,"[{'url': 'http://digitalnasrbija.org/wp-content/uploads/2017/05/wordpress-lozinka.jpg', 'path': 'full/ed17b26a390c590aa8be0237e9737083e9a396ad.jpg', 'checksum': '959c7c6773ad41ece2ece582de082fc8'}]"
http://digitalnasrbija.org/wp-content/uploads/2017/04/haker.jpeg,"[{'url': 'http://digitalnasrbija.org/wp-content/uploads/2017/04/haker.jpeg', 'path': 'full/d0eb7cb39875c08e55e272a33b9aba41a8f44a60.jpg', 'checksum': 'ca8a2ab7ada55c9febdf8528a0dbd2f9'}]"
http://digitalnasrbija.org/wp-content/uploads/2017/02/django.png,"[{'url': 'http://digitalnasrbija.org/wp-content/uploads/2017/02/django.png', 'path': 'full/3734ecd1147f681e2a7f26bfac96e6ba0234ea4b.jpg', 'checksum': 'eb0733eb99efc10da77df8d1b41e63a7'}]"
http://digitalnasrbija.org/wp-content/uploads/2017/01/sajber_napad.png,"[{'url': 'http://digitalnasrbija.org/wp-content/uploads/2017/01/sajber_napad.png', 'path': 'full/fd32b34210bfd325be71f7e72f6164949e8436bd.jpg', 'checksum': '0ea03368ccd27720b6b650d1b9d839b0'}]"
http://digitalnasrbija.org/wp-content/uploads/2017/01/instagram_prodaja.jpg,"[{'url': 'http://digitalnasrbija.org/wp-content/uploads/2017/01/instagram_prodaja.jpg', 'path': 'full/bfe371adeb4f6d8b153b2ac8f66aaaca4f3c8061.jpg', 'checksum': '828240bd7a79ed5f0c9f18cb17cbfe48'}]"
http://digitalnasrbija.org/wp-content/uploads/2017/05/wordpress-lozinka-584x370.jpg,"[{'url': 'http://digitalnasrbija.org/wp-content/uploads/2017/05/wordpress-lozinka-584x370.jpg', 'path': 'full/9430f716a685837c8159d1bf3117355a08563ff2.jpg', 'checksum': '8a2b7a35c0d11bdbc49f95fa673e2685'}]"
http://digitalnasrbija.org/wp-content/uploads/2017/04/haker-584x370.jpeg,"[{'url': 'http://digitalnasrbija.org/wp-content/uploads/2017/04/haker-584x370.jpeg', 'path': 'full/a0ac85a999254b2d9510bedbf5fee6eae18e0bf7.jpg', 'checksum': '788a3678a131de51419b0e3988812c8e'}]"
http://digitalnasrbija.org/wp-content/uploads/2017/02/django-584x370.png,"[{'url': 'http://digitalnasrbija.org/wp-content/uploads/2017/02/django-584x370.png', 'path': 'full/01fc0278e831483659ea2e6baec24ff13db9fead.jpg', 'checksum': '3f4fa9e575dbed25a97a808ecb5aa070'}]"
http://digitalnasrbija.org/wp-content/uploads/2017/01/sajber_napad-584x370.png,"[{'url': 'http://digitalnasrbija.org/wp-content/uploads/2017/01/sajber_napad-584x370.png', 'path': 'full/61cff9afe0b9e6d18010e37473fef75415f9f608.jpg', 'checksum': 'b1c2e0bb56fc7a2a2308ae19e9131d0b'}]"
http://digitalnasrbija.org/wp-content/uploads/2017/01/instagram_prodaja-584x370.jpg,"[{'url': 'http://digitalnasrbija.org/wp-content/uploads/2017/01/instagram_prodaja-584x370.jpg', 'path': 'full/7387a30bb1a6fed77c6ea9e349a0acae5a6ae16a.jpg', 'checksum': 'd4cd464317e8ba2024a385a8d0065232'}]"
